{
  "title": "Chronicle System (Unofficial)",
  "description": "An implementation for Green Ronin's Chronicle System, used by SIFRP and Sword Chronicles.",
  "version": "0.5.1",
  "esmodules": [
    "module/system/config.js"
  ],
  "styles": [
    "styles/global.css",
    "styles/item-sheet.css",
    "styles/actor-sheet.css",
    "styles/less/global.css"
  ],
  "languages": [
    {
      "lang": "en",
      "name": "English",
      "path": "lang/en.json",
      "flags": {}
    }
  ],
  "gridDistance": 5,
  "gridUnits": "ft",
  "primaryTokenAttribute": "health",
  "secondaryTokenAttribute": "power",
  "url": "https://github.com/YolloDwarf/foundryvtt-chroniclesystem/",
  "manifest": "https://raw.githubusercontent.com/YolloDwarf/foundryvtt-chroniclesystem/feature/holdings-fortune-modifier/system.json",
  "download": "https://raw.githubusercontent.com/YolloDwarf/foundryvtt-chroniclesystem/feature/holdings-fortune-modifier/chroniclesystem.zip",
  "license": "ISC",
  "id": "chroniclesystem",
  "authors": [
    {
      "name": "Kirlian '3darkman' Silvestre",
      "flags": {}
    },
    {
      "name":"Nicolò 'Yollo the Dwarf' Antonucci"
    }
  ],
  "compatibility": {
    "minimum": "10",
    "verified": "10.290"
  }
}